{
  "created_at": "2026-03-08T14:59:43.106660+00:00",
  "split": "test",
  "runs": {
    "simple_graph": {
      "run_id": "20260308T145845Z_simple_graph",
      "metrics": {
        "accuracy": {
          "value": 0.125,
          "ci_low": 0.030468750000000017,
          "ci_high": 0.25,
          "n": 32
        },
        "macro_f1": {
          "value": 0.011695906432748537,
          "ci_low": 0.003282828282828285,
          "ci_high": 0.029935897435897443,
          "n": 32
        },
        "balanced_accuracy": {
          "value": 0.05263157894736842,
          "ci_low": 0.054166666666666696,
          "ci_high": 0.08333333333333333,
          "n": 32
        }
      }
    },
    "sham_complexity": {
      "run_id": "20260308T145746Z_sham_complexity",
      "metrics": {
        "accuracy": {
          "value": 0.25,
          "ci_low": 0.12421875000000002,
          "ci_high": 0.40625,
          "n": 32
        },
        "macro_f1": {
          "value": 0.043074438013191545,
          "ci_low": 0.022887228260869568,
          "ci_high": 0.08273691887822324,
          "n": 32
        },
        "balanced_accuracy": {
          "value": 0.10526315789473684,
          "ci_low": 0.07142857142857142,
          "ci_high": 0.16666666666666666,
          "n": 32
        }
      }
    },
    "math_governed": {
      "run_id": "20260308T145647Z_math_governed",
      "metrics": {
        "accuracy": {
          "value": 0.25,
          "ci_low": 0.12421875000000002,
          "ci_high": 0.40625,
          "n": 32
        },
        "macro_f1": {
          "value": 0.06578947368421052,
          "ci_low": 0.030519750519750526,
          "ci_high": 0.11276047868540129,
          "n": 32
        },
        "balanced_accuracy": {
          "value": 0.10526315789473684,
          "ci_low": 0.07142857142857142,
          "ci_high": 0.16666666666666666,
          "n": 32
        }
      }
    },
    "plain_llm_rag": {
      "run_id": "20260308T145551Z_plain_llm_rag",
      "metrics": {
        "accuracy": {
          "value": 0.125,
          "ci_low": 0.030468750000000017,
          "ci_high": 0.25,
          "n": 32
        },
        "macro_f1": {
          "value": 0.011428571428571429,
          "ci_low": 0.0033106960950764026,
          "ci_high": 0.029319291819291823,
          "n": 32
        },
        "balanced_accuracy": {
          "value": 0.05263157894736842,
          "ci_low": 0.054166666666666696,
          "ci_high": 0.08333333333333333,
          "n": 32
        }
      }
    },
    "plain_llm": {
      "run_id": "20260308T145452Z_plain_llm",
      "metrics": {
        "accuracy": {
          "value": 0.125,
          "ci_low": 0.030468750000000017,
          "ci_high": 0.25,
          "n": 32
        },
        "macro_f1": {
          "value": 0.011695906432748537,
          "ci_low": 0.003282828282828285,
          "ci_high": 0.029935897435897443,
          "n": 32
        },
        "balanced_accuracy": {
          "value": 0.05263157894736842,
          "ci_low": 0.054166666666666696,
          "ci_high": 0.08333333333333333,
          "n": 32
        }
      }
    }
  }
}