{
  "best_baseline_E_lg": {
    "E_lg": 0.0,
    "name": "singleton",
    "nmi": 0.8176920268486946
  },
  "claim_unlocked": false,
  "dataset": {
    "dataset_npz": "/Users/aaronvick/Downloads/aboutmoxie/Reflective_Samples_Org/data/processed/email_eu_core/kernel.npz",
    "n": 80,
    "n_labels": 26,
    "n_original": 400
  },
  "decision": "FAIL",
  "external_perm_p_values": {
    "ari_p_value": 0.0,
    "ari_star": 0.05879206380081696,
    "f1_p_value": 0.96,
    "f1_star": 0.0034965034965034965,
    "nmi_p_value": 0.0,
    "nmi_star": 0.27075859263469243
  },
  "framework_search": {
    "seed_eval": {
      "E_lg": 0.14246121889062294,
      "n_blocks": 2
    },
    "trace": [
      {
        "E_lg": 0.14246121889062294,
        "action": "seed_spectral",
        "n_blocks": 2,
        "step": 0
      },
      {
        "E_lg": 0.14246121889062294,
        "action": "stop_no_improving_split",
        "n_blocks": 2,
        "step": 1
      }
    ]
  },
  "null_rival": {
    "best_rival_name_full": "singleton",
    "best_rival_nmi_full": 0.8176920268486946,
    "ci_lower": -0.6092401370196766,
    "ci_upper": -0.4948348155946616,
    "mean_D": -0.552899626283348,
    "n_bootstrap": 50,
    "pass": false,
    "star_nmi_full": 0.27075859263469243,
    "std_D": 0.029353607428549523
  },
  "q_star": {
    "E_cl": 0.14246121889062294,
    "E_lg": 0.14246121889062294,
    "E_rob_proxy": 0.17211315289964632,
    "ari": 0.05879206380081696,
    "block_balance": 1.0,
    "contestability_proxy": 1.0,
    "delta_gov_proxy": 0.0,
    "delta_otimes_proxy": null,
    "macro_f1": 0.0034965034965034965,
    "n_blocks": 2,
    "name": "q_star",
    "nmi": 0.27075859263469243,
    "responsibility_residue": 0.0
  },
  "required_outputs": [
    "organizational_design_map_report.md",
    "boundary_leaderboard.csv",
    "external_agreement_report.md",
    "stress_robustness_report.md",
    "null_rival_audit_report.md",
    "governance_preservation_report.md",
    "temporal_drift_report.md",
    "organizational_map_summary.json"
  ],
  "stress": {
    "records": [
      {
        "E_lg": 0.06974947203770329,
        "delta_E_lg_abs": 0.07271174685291965,
        "delta_nmi_abs": 0.0,
        "family": "noise",
        "n_blocks": 2,
        "nmi": 0.27075859263469243,
        "severity": 0.02
      },
      {
        "E_lg": 0.03917260622333673,
        "delta_E_lg_abs": 0.1032886126672862,
        "delta_nmi_abs": 0.0,
        "family": "noise",
        "n_blocks": 2,
        "nmi": 0.27075859263469243,
        "severity": 0.05
      },
      {
        "E_lg": 0.16231862883906142,
        "delta_E_lg_abs": 0.019857409948438487,
        "delta_nmi_abs": 0.0,
        "family": "missingness",
        "n_blocks": 2,
        "nmi": 0.27075859263469243,
        "severity": 0.05
      },
      {
        "E_lg": 0.15806910706634356,
        "delta_E_lg_abs": 0.015607888175720619,
        "delta_nmi_abs": 0.0,
        "family": "missingness",
        "n_blocks": 2,
        "nmi": 0.27075859263469243,
        "severity": 0.1
      },
      {
        "E_lg": 0.14246121889062294,
        "delta_E_lg_abs": 0.0,
        "delta_nmi_abs": 0.0,
        "family": "workload_scale",
        "n_blocks": 2,
        "nmi": 0.27075859263469243,
        "severity": 1.1
      },
      {
        "E_lg": 0.14246121889062294,
        "delta_E_lg_abs": 0.0,
        "delta_nmi_abs": 0.0,
        "family": "workload_scale",
        "n_blocks": 2,
        "nmi": 0.27075859263469243,
        "severity": 1.2
      },
      {
        "E_lg": 0.1574963167869881,
        "delta_E_lg_abs": 0.015035097896365174,
        "delta_nmi_abs": 0.0014490281296873908,
        "family": "node_drop_random",
        "n_blocks": 2,
        "nmi": 0.26930956450500504,
        "severity": 0.05
      },
      {
        "E_lg": 0.14544452652490197,
        "delta_E_lg_abs": 0.0029833076342790366,
        "delta_nmi_abs": 0.00363314981923063,
        "family": "node_drop_random",
        "n_blocks": 2,
        "nmi": 0.2671254428154618,
        "severity": 0.05
      },
      {
        "E_lg": 0.1566280911329498,
        "delta_E_lg_abs": 0.01416687224232685,
        "delta_nmi_abs": 0.004098506425393167,
        "family": "node_drop_top_degree",
        "n_blocks": 2,
        "nmi": 0.2748570990600856,
        "severity": 0.05
      },
      {
        "E_lg": 0.14108350415424675,
        "delta_E_lg_abs": 0.0013777147363761844,
        "delta_nmi_abs": 0.011279900312260505,
        "family": "node_drop_random",
        "n_blocks": 2,
        "nmi": 0.28203849294695293,
        "severity": 0.1
      },
      {
        "E_lg": 0.17662111651540804,
        "delta_E_lg_abs": 0.03415989762478511,
        "delta_nmi_abs": 0.006159329075279829,
        "family": "node_drop_random",
        "n_blocks": 2,
        "nmi": 0.2645992635594126,
        "severity": 0.1
      },
      {
        "E_lg": 0.18576822104851015,
        "delta_E_lg_abs": 0.043307002157887214,
        "delta_nmi_abs": 0.003933769252597752,
        "family": "node_drop_top_degree",
        "n_blocks": 2,
        "nmi": 0.2746923618872902,
        "severity": 0.1
      },
      {
        "E_lg": 0.14406787907861804,
        "delta_E_lg_abs": 0.0016066601879951015,
        "delta_nmi_abs": 0.0,
        "family": "edge_drop",
        "n_blocks": 2,
        "nmi": 0.27075859263469243,
        "severity": 0.05
      },
      {
        "E_lg": 0.17273224678469798,
        "delta_E_lg_abs": 0.030271027894075042,
        "delta_nmi_abs": 0.0,
        "family": "edge_drop",
        "n_blocks": 2,
        "nmi": 0.27075859263469243,
        "severity": 0.1
      }
    ],
    "summary": {
      "S_max": 0.1032886126672862,
      "leverage_pass": false,
      "leverage_random_mean_delta": 0.013389004472951375,
      "leverage_ratio": 2.1463087308705755,
      "leverage_ratio_threshold": 2.0,
      "leverage_top_degree_mean_delta": 0.028736937200107032,
      "n_cases": 14,
      "stability_threshold": 0.2,
      "stable_fraction": 1.0,
      "stress_pass": true
    }
  },
  "temporal_status": "not_run_missing_dataset",
  "tests": {
    "A_nontrivial_boundary": true,
    "B_external_agreement": false,
    "C_stress_robustness": false,
    "D_null_rival_dominance": false,
    "E_temporal_drift": false,
    "F_governance_preservation": true
  }
}