arm,run_id,metric,value,ci_low,ci_high,n,gate_pass
simple_graph,20260308T145349Z_simple_graph,accuracy,0.16666666666666666,0.0,0.4166666666666667,12,False
sham_complexity,20260308T145318Z_sham_complexity,accuracy,0.16666666666666666,0.0,0.4166666666666667,12,False
math_governed,20260308T145255Z_math_governed,accuracy,0.3333333333333333,0.16458333333333336,0.6666666666666666,12,False
plain_llm_rag,20260308T145228Z_plain_llm_rag,accuracy,0.3333333333333333,0.16458333333333336,0.6666666666666666,12,False
plain_llm,20260308T145205Z_plain_llm,accuracy,0.16666666666666666,0.0,0.4166666666666667,12,False
