arm,run_id,metric,value,ci_low,ci_high,n,gate_pass
simple_graph,20260308T135141Z_simple_graph,accuracy,0.16666666666666666,0.0,0.4812499999999999,12,False
math_governed,20260308T135141Z_math_governed,accuracy,0.3333333333333333,0.16666666666666666,0.6479166666666665,12,False
plain_llm_rag,20260308T135134Z_plain_llm_rag,accuracy,0.3333333333333333,0.16666666666666666,0.6479166666666665,12,False
sham_complexity,20260308T135134Z_sham_complexity,accuracy,0.25,0.08333333333333333,0.5,12,False
plain_llm,20260308T135134Z_plain_llm,accuracy,0.16666666666666666,0.0,0.4812499999999999,12,False
