name,category,n_blocks,block_balance,E_cl,E_rob_proxy,delta_otimes_proxy,delta_gov_proxy,E_lg,nmi,ari,macro_f1,contestability_proxy,responsibility_residue
singleton,trivial,40,1.000000,0.0000000000,0.0000000000,,0.0000000000,0.0000000000,0.877792,0.000000,0.016667,1.000000,0.000000
q_star,framework,1,0.000000,0.0000000000,0.0000000000,,0.3333333333,0.1111111111,0.000000,0.000000,0.000000,0.000000,0.000000
one_block,trivial,1,0.000000,0.0000000000,0.0000000000,,0.3333333333,0.1111111111,0.000000,0.000000,0.000000,0.000000,0.000000
random_0,random_null,1,0.000000,0.0000000000,0.0000000000,,0.3333333333,0.1111111111,0.000000,0.000000,0.000000,0.000000,0.000000
louvain,graph_baseline,8,0.927530,0.3027872850,0.3618096385,,0.0000000000,0.3027872850,0.761356,0.352399,0.048701,1.000000,0.000000
degree_median,stat_baseline,2,0.168661,0.3125677671,0.3125677671,,0.0000000000,0.3125677671,0.046076,-0.001401,0.000000,1.000000,0.000000
spectral,graph_baseline,2,0.998196,0.4594091917,0.4726362284,,0.0000000000,0.4594091917,0.293723,0.043732,0.004535,1.000000,0.000000
