arm,run_id,metric,value,ci_low,ci_high,n,gate_pass
simple_graph,20260308T145845Z_simple_graph,accuracy,0.125,0.030468750000000017,0.25,32,False
sham_complexity,20260308T145746Z_sham_complexity,accuracy,0.25,0.12421875000000002,0.40625,32,False
math_governed,20260308T145647Z_math_governed,accuracy,0.25,0.12421875000000002,0.40625,32,False
plain_llm_rag,20260308T145551Z_plain_llm_rag,accuracy,0.125,0.030468750000000017,0.25,32,False
plain_llm,20260308T145452Z_plain_llm,accuracy,0.125,0.030468750000000017,0.25,32,False
